Date,ETH,ATOM,AVAX,NEAR,DOT
2021-01-01,1.0,0.008040803282936316,0.005023011335425221,0.0018625726885919262,0.011354082009545975
2021-01-02,1.0,0.0069925497505079395,0.0045148733782109495,0.001822296866558178,0.011882429277282676
2021-01-03,1.0,0.005957998436709746,0.003547454246062106,0.0015032888267250914,0.010354429826632663
2021-01-04,1.0,0.005800244739971139,0.003458062764070631,0.0013304173350529246,0.009132659812721594
2021-01-05,1.0,0.005634837636897724,0.00386820108451327,0.001360146162053106,0.008829958039712838
2021-01-06,1.0,0.005529104783628957,0.003788508365975784,0.0012742851519645499,0.008333386920339164
2021-01-07,1.0,0.005113329019817076,0.003648557391049092,0.0012238700942401029,0.007874272584603001
2021-01-08,1.0,0.004873863848720671,0.004684660132333708,0.0014280031296296897,0.007643426125616295
2021-01-09,1.0,0.005126530566338009,0.005636540936425544,0.0013780727798085959,0.007628564143637638
2021-01-10,1.0,0.0051069149764179,0.0052147687878830945,0.0013870797263566947,0.0074031429771143995
2021-01-11,1.0,0.005256258580281476,0.005951220404106159,0.001363508132155025,0.007607768621410102
2021-01-12,1.0,0.005436188759221095,0.007360652104898889,0.001364373251626519,0.00791014209242992
2021-01-13,1.0,0.005525825551803602,0.007497557592614818,0.0014222049692803724,0.009687130660638652
2021-01-14,1.0,0.005257233867680544,0.007567017066767785,0.0014006338240937263,0.011763495844348524
2021-01-15,1.0,0.006756873677569912,0.008027997830734332,0.0015685103877470681,0.011266186393364552
2021-01-16,1.0,0.007354633908464704,0.01045932083323936,0.0016977811279608082,0.014646380250364523
2021-01-17,1.0,0.006929951496973386,0.010692114436850511,0.0020291453409429817,0.013861997608065028
2021-01-18,1.0,0.007581441733780314,0.010087836650971694,0.001914262691016669,0.013178144363807853
2021-01-19,1.0,0.006512648680201409,0.008596431955572156,0.0015843380103526207,0.011996668338776639
2021-01-20,1.0,0.006465898946158217,0.008987394819904798,0.001802602133401598,0.013054962007351725
2021-01-21,1.0,0.006449196077883911,0.010188141686105436,0.00194655903080988,0.014385118338752043
2021-01-22,1.0,0.006476446455368896,0.010311380663093311,0.0019207386258213227,0.0138901599997987
2021-01-23,1.0,0.006753247623187717,0.010438608185508423,0.0019319947005989881,0.015196729151678445
2021-01-24,1.0,0.005920569466834571,0.0089632431874756,0.0018389704621364898,0.012913005914660583
2021-01-25,1.0,0.005872582010486963,0.009240535801481375,0.0018570192671501689,0.013057053823236908
2021-01-26,1.0,0.005658413794413552,0.008926659071281314,0.0017431123504614806,0.012519217783607808
2021-01-27,1.0,0.005616696782647267,0.009003181002347269,0.001640720368791548,0.012456873278914158
2021-01-28,1.0,0.006049884881287268,0.009000312394662233,0.0016918136173864095,0.01269123330121834
2021-01-29,1.0,0.005784525611353123,0.00842662752122538,0.001593277723294231,0.012178530677581099
2021-01-30,1.0,0.0058428791291389144,0.008736303472212733,0.0015742862174016174,0.011999043583057735
2021-01-31,1.0,0.0062059541130631895,0.010263425998412314,0.0016327427789391805,0.012277158147894646
2021-02-01,1.0,0.006753389754270521,0.009619159139553062,0.0016505458651882698,0.011960677171361105
2021-02-02,1.0,0.005882024691070917,0.008904447704258425,0.0016282572426948492,0.011354684227814727
2021-02-03,1.0,0.005589318171382113,0.008914455077283301,0.0015363638559565468,0.012527653192849908
2021-02-04,1.0,0.005735899196344739,0.009580158779113404,0.0015628557752944004,0.012328031488178872
2021-02-05,1.0,0.007095033160776158,0.01040690597851699,0.0016633742558841182,0.012118579439528395
2021-02-06,1.0,0.007201914102424569,0.010787689427041376,0.001601128768496172,0.012141423136133788
2021-02-07,1.0,0.008587183553896718,0.014716302356129201,0.0021069633741240823,0.012245542296808565
2021-02-08,1.0,0.008091690469111113,0.017179988460479502,0.001975351398347865,0.01313428940008987
2021-02-09,1.0,0.008505135786120437,0.01799781670550166,0.0018682588438760429,0.01304751234729038
2021-02-10,1.0,0.008600406434912033,0.0314357071597132,0.0018659331573823966,0.013543815358925872
2021-02-11,1.0,0.009867935831888166,0.026335779784625844,0.0019326167753134513,0.014001332878006532
2021-02-12,1.0,0.011452438900388913,0.02627475861620143,0.0025643472386686276,0.015562766571124629
2021-02-13,1.0,0.011156699093469447,0.023733705700732414,0.00265351720517409,0.015398943080372655
2021-02-14,1.0,0.010608274178189176,0.020842380184434458,0.0023936448701622963,0.014923418316437578
2021-02-15,1.0,0.012635648133128188,0.021397490105401606,0.002262406107880079,0.01562675366813041
2021-02-16,1.0,0.014080661247315485,0.02037960007959718,0.002292873576913585,0.016875117560585705
2021-02-17,1.0,0.012888489757014657,0.019922734671197685,0.0022888885826948813,0.017290645309495326
2021-02-18,1.0,0.011887494369520807,0.021130754442263137,0.002289749491138056,0.016038920197612997
2021-02-19,1.0,0.011716827592803377,0.01981855437494697,0.0022414838944915466,0.017811075775604594
2021-02-20,1.0,0.011299262497130527,0.018823665991474618,0.002091797670647027,0.020352793477957112
2021-02-21,1.0,0.01116771452426853,0.01871304011713035,0.0021223916988041725,0.02047795375332629
2021-02-22,1.0,0.011885876692996133,0.01813465035408622,0.0021042124442804955,0.021173462724660457
2021-02-23,1.0,0.012743399191743877,0.017489034974560495,0.002138713444514668,0.021900876460419483
2021-02-24,1.0,0.01200834715338207,0.01833294532805257,0.0022043701042951946,0.020722449576414666
2021-02-25,1.0,0.011967036358841408,0.018130752711367187,0.0026240884715617993,0.021074853122406666
2021-02-26,1.0,0.013058064671199507,0.017986874302032285,0.0029272346393153475,0.021755894378943375
2021-02-27,1.0,0.013119734979793029,0.01767964835772765,0.0027449307392073004,0.02293959527916059
2021-02-28,1.0,0.012427838787533894,0.0168803676523898,0.0026900975498642416,0.02381698347020022
2021-03-01,1.0,0.01190823654971554,0.017513992793367218,0.002673271122431077,0.02270294286195511
2021-03-02,1.0,0.012673523314453303,0.018226902864301037,0.0027161486589220543,0.02430264532537456
2021-03-03,1.0,0.013666574035288252,0.017361152976296323,0.0026598891750008596,0.023643518764998
2021-03-04,1.0,0.012242019540435523,0.016742080546290672,0.0029468883161249933,0.022888879401670167
2021-03-05,1.0,0.012220976898728171,0.015868826845913498,0.002724000098381279,0.021992268397761687
2021-03-06,1.0,0.011460581572164232,0.015091134781224801,0.0024557538763194317,0.020217054278262196
2021-03-07,1.0,0.011277493522419534,0.015461751327839232,0.0024765901324494133,0.020330028228168304
2021-03-08,1.0,0.010578603889512482,0.013976967830372423,0.0024960485718345626,0.019079290363501034
2021-03-09,1.0,0.01128403142880698,0.018346525354139685,0.002889210142636242,0.020417810496960447
2021-03-10,1.0,0.010922788427161375,0.016497969676005246,0.0029573941730901897,0.02091747784578858
2021-03-11,1.0,0.010588869993233581,0.016872299536913132,0.0033249895320909967,0.020210110184147853
2021-03-12,1.0,0.01051214847136379,0.01582625635326353,0.003917903331802327,0.020359092451629333
2021-03-13,1.0,0.01007969627900961,0.016071743135624015,0.0038474506602918417,0.019331447479601367
2021-03-14,1.0,0.009981323292158489,0.0156145681046446,0.0035783041673035716,0.01972322285554467
2021-03-15,1.0,0.01106861852250497,0.016147457609853977,0.003289225079613756,0.01912470922730217
2021-03-16,1.0,0.011638598004872306,0.018303532601885907,0.0035367403847115643,0.019611834109817483
2021-03-17,1.0,0.011460488285219379,0.017924056673849626,0.00341734415673004,0.019803758880724737
2021-03-18,1.0,0.012446184632401954,0.018701569319969295,0.0034064417013382367,0.01989683109150709
2021-03-19,1.0,0.012263543252921224,0.020627355333438256,0.0034090133720113516,0.02109786875598213
2021-03-20,1.0,0.011572387589049899,0.01893863401957759,0.003474661874485542,0.020620444698830773
2021-03-21,1.0,0.011502606470980219,0.018401555260867897,0.003386849028260692,0.020574371639610532
2021-03-22,1.0,0.011414382410901171,0.017359892692813076,0.0032180247217664364,0.020967114229085558
2021-03-23,1.0,0.011222501540914151,0.017061677824694737,0.003180859464807494,0.02050967323788305
2021-03-24,1.0,0.011026216692848288,0.016320515038755735,0.003067069036159231,0.019099532579070613
2021-03-25,1.0,0.010783329127790172,0.016278941213046027,0.003032467370597101,0.01878898338749397
2021-03-26,1.0,0.011152212729856604,0.016645015060664486,0.003225017847273578,0.019531889336401886
2021-03-27,1.0,0.01092185529409366,0.016123408120084073,0.003112355791251097,0.019023173555426348
2021-03-28,1.0,0.01145550168905665,0.01702029894981812,0.0033206400657369833,0.019107287179405935
2021-03-29,1.0,0.01115821597332658,0.016242459121183928,0.0031967026119301013,0.01890786718632798
2021-03-30,1.0,0.010849636651422504,0.01608797602286437,0.003449018432148721,0.018461157023728043
2021-03-31,1.0,0.009943069964355336,0.014966746995639418,0.0031239470033712574,0.019315221274219405
2021-04-01,1.0,0.009898424566949919,0.014354216096474507,0.003033064564854786,0.019028435239962786
2021-04-02,1.0,0.009518176150957215,0.013605786207276828,0.0028039589525496373,0.01922559797004902
2021-04-03,1.0,0.009977738147837128,0.014025771032057634,0.002830920385064836,0.02059316219293728
2021-04-04,1.0,0.010373613014114276,0.014049102181769753,0.0029324043524210923,0.02134219767660573
2021-04-05,1.0,0.010171202840800886,0.014839187684604802,0.0029105519664667377,0.0217367365030025
2021-04-06,1.0,0.010248337133242864,0.014903574663596967,0.0032053223345802403,0.02051763323743597
2021-04-07,1.0,0.009959323627797013,0.015024883376419043,0.003118728699203964,0.02012257663076346
2021-04-08,1.0,0.009870301351404806,0.014776158479534972,0.0032718363546264165,0.01986276444617918
2021-04-09,1.0,0.010350198950438698,0.015242313341820227,0.00310682908493491,0.019740192093556822
2021-04-10,1.0,0.009852771962273982,0.014892795021805294,0.0030474380633169983,0.019488764162724104
2021-04-11,1.0,0.01085728624117835,0.014683348423857618,0.0032017543303003975,0.01919653123243559
2021-04-12,1.0,0.010295521243669887,0.015811384218906665,0.0031511619912258744,0.01892436199864724
2021-04-13,1.0,0.010362192204749777,0.014635736538084107,0.002832573823006994,0.01866994033929117
2021-04-14,1.0,0.011125610911684193,0.015761768001914714,0.002604877505556535,0.01746376731989961
2021-04-15,1.0,0.011051200542671313,0.014718285431070002,0.002594633410124136,0.01727152830654268
2021-04-16,1.0,0.010513272032325882,0.014632072454091028,0.0024507027636294734,0.0170832944817835
2021-04-17,1.0,0.01050417111590996,0.014651634981546847,0.002537134764615156,0.0181497630004736
2021-04-18,1.0,0.00957097189924543,0.013111691463919883,0.00230404049217999,0.016701996819628136
2021-04-19,1.0,0.008892821004148415,0.012117897127931198,0.0021951307078751504,0.01607415925213269
2021-04-20,1.0,0.009116558068791311,0.011752453125181117,0.002120051682900472,0.015190596768655381
2021-04-21,1.0,0.008293685095878101,0.010951370043613103,0.00202534118624298,0.014330520476048473
2021-04-22,1.0,0.007812155220030284,0.00999806071652967,0.0019966509744099104,0.013738590047780755
2021-04-23,1.0,0.008662167581094036,0.009945248708773918,0.0019647428313241543,0.013616570930682975
2021-04-24,1.0,0.008336123605400364,0.009866314812983515,0.0019162141634777965,0.01308640761407047
2021-04-25,1.0,0.008059700040621896,0.009316874012888247,0.002003335059464313,0.012856564893268444
2021-04-26,1.0,0.008711316044763343,0.010442476058932474,0.0019829871003034277,0.013188650006765222
2021-04-27,1.0,0.00864529495017909,0.010486577070419214,0.0019346365373668496,0.013059304819058397
2021-04-28,1.0,0.008347644286392246,0.01029490578946281,0.001786992781404738,0.012360231860459868
2021-04-29,1.0,0.008060945743032389,0.010124910854288186,0.001991437602237485,0.013047499769722382
2021-04-30,1.0,0.008193131230841387,0.01183537157109155,0.002003916046411841,0.013171886929629987
2021-05-01,1.0,0.008080421563462566,0.010801426956563739,0.001870563879711197,0.01253197983285349
2021-05-02,1.0,0.007828385045093063,0.010607181427576448,0.0017888553387937665,0.01241730783988429
2021-05-03,1.0,0.006690179798157088,0.010458479930170128,0.0015974960888860445,0.010858703120222695
2021-05-04,1.0,0.006470892924390961,0.00938420913882737,0.0014864814391170314,0.01073579375015855
2021-05-05,1.0,0.007053834127804794,0.010006553987157277,0.0014879328148951826,0.011464759329774084
2021-05-06,1.0,0.007316290407795113,0.01090843981509909,0.0014925480437508493,0.011911072229061202
2021-05-07,1.0,0.00822753922165843,0.01088779504089728,0.001528713588326692,0.011457303202156526
2021-05-08,1.0,0.0075468235083537534,0.009817355222585939,0.0013387190866305863,0.01020584607983509
2021-05-09,1.0,0.007314007275414399,0.009929888167624572,0.0012899787670277428,0.010271144282340513
2021-05-10,1.0,0.006416059250879503,0.008776848125327712,0.0011891171387181075,0.009237817575618985
2021-05-11,1.0,0.00644863400138347,0.00881469592307492,0.0011845339932344647,0.009258049432235028
2021-05-12,1.0,0.006013655972905092,0.008599320456760935,0.001265681331587482,0.009173277896682102
2021-05-13,1.0,0.006319301777091025,0.009413624360239924,0.001475355227971689,0.010746371295381914
2021-05-14,1.0,0.0063438996511384635,0.009071945624981238,0.001407288845016427,0.011776081098677513
2021-05-15,1.0,0.0067124215070774014,0.009441961729032486,0.0016291996804250644,0.011958647233333293
2021-05-16,1.0,0.00677270598250355,0.010200080475065324,0.0016384101918889204,0.011839403957305782
2021-05-17,1.0,0.006422032129731886,0.010253179625099427,0.0017434345629998018,0.01178662338715717
2021-05-18,1.0,0.006763268329388658,0.010926281830189583,0.0016813516142416777,0.012021013907111593
2021-05-19,1.0,0.005646822559039515,0.00945179855496836,0.0014782798817225106,0.01027299910001208
2021-05-20,1.0,0.006108265626764312,0.009053232576698106,0.0015118735497674566,0.010453819918818167
2021-05-21,1.0,0.0055833162858533875,0.008976257717612986,0.0014238345831244772,0.010036892602558006
2021-05-22,1.0,0.0053323087240080115,0.008191874750215006,0.0013783873922576873,0.009611432039485593
2021-05-23,1.0,0.0055504782148629705,0.007438801779901525,0.0012665575339473735,0.00853980788577958
2021-05-24,1.0,0.005493152977696713,0.007325990918207567,0.0012335215956700589,0.00878696434554505
2021-05-25,1.0,0.005149387779624062,0.007190425769295248,0.0012329045872210313,0.008192262449035632
2021-05-26,1.0,0.005291363883601827,0.0072092444766338176,0.0012257634423061793,0.008500636076918405
2021-05-27,1.0,0.0052981356556363,0.006969611463699833,0.0012202936186244192,0.008745350225849727
2021-05-28,1.0,0.0052610398910886355,0.006927905531987238,0.001210956975859566,0.00884510707959886
2021-05-29,1.0,0.005295572145227794,0.007099998414864892,0.001183810395459138,0.00872466370201035
2021-05-30,1.0,0.005261457331490888,0.0069251577574399705,0.001305728848233358,0.00857838944394247
2021-05-31,1.0,0.005156663058775001,0.006705250550112765,0.0012402903613006986,0.008598012529444407
2021-06-01,1.0,0.005220666954639119,0.006739786637641875,0.0012293022348235877,0.008668434595151245
2021-06-02,1.0,0.005489451441889059,0.006904330696339548,0.0012244014548823683,0.009576050875572102
2021-06-03,1.0,0.00583402212453632,0.007096645543380863,0.0012626984155978507,0.009452886241061232
2021-06-04,1.0,0.005601417419985253,0.006783490643432472,0.0011787187635286672,0.00929308491453244
2021-06-05,1.0,0.00565236088723482,0.0065508263955165,0.0012491020935383372,0.009039280498053887
2021-06-06,1.0,0.005578423450796282,0.006408626912013612,0.0011814267280057858,0.008918752962089972
2021-06-07,1.0,0.005190941535600228,0.005992709448628161,0.0011280581650136145,0.0083661548554927
2021-06-08,1.0,0.005408963529669444,0.005900902190755155,0.0011567215972927438,0.00863409864977486
2021-06-09,1.0,0.005340493767157558,0.005899524763120421,0.0012361612207410116,0.008892958230770454
2021-06-10,1.0,0.005192053045388577,0.005740778264404358,0.001200827781242855,0.009178568155886408
2021-06-11,1.0,0.005072642888727063,0.005697285517188899,0.0012829980964009491,0.008897546483931384
2021-06-12,1.0,0.004901730725800786,0.00571316540697964,0.0012305011103548723,0.008749437076427512
2021-06-13,1.0,0.004994388875705216,0.0058813445715511,0.001250160968625726,0.008784786312138963
2021-06-14,1.0,0.005139693704598219,0.005839923317647043,0.0012452967327084557,0.00999232143018062
2021-06-15,1.0,0.005066344498038393,0.005818264448232748,0.0012600162850371337,0.009526522471725873
2021-06-16,1.0,0.005643494731534459,0.005919193180271877,0.0012947425429607757,0.009683912995127232
2021-06-17,1.0,0.0057377434104488555,0.0062569109554055065,0.001300952975734321,0.009493904339949132
2021-06-18,1.0,0.005580396120889547,0.006108666005497045,0.0013130358091440184,0.009598864226785169
2021-06-19,1.0,0.005475231706547308,0.006180348060425147,0.001322415056657309,0.009338851359170638
2021-06-20,1.0,0.005339853119635809,0.006204923594699056,0.0012860137669256787,0.009189012150132424
2021-06-21,1.0,0.005044993606352994,0.005937563420273145,0.0011903711681897793,0.008329466168093757
2021-06-22,1.0,0.004790067839192915,0.00563008272841735,0.0011342263821185546,0.007814483389680375
2021-06-23,1.0,0.004880577023944289,0.00582163766093351,0.0010907663078357761,0.008024171806333495
2021-06-24,1.0,0.005215961950547142,0.00577490514131664,0.0010906601021036498,0.008152807297097147
2021-06-25,1.0,0.005011724989353204,0.005658043211688725,0.001047097122783173,0.007970984027609313
2021-06-26,1.0,0.0052418270699937765,0.005635897597919238,0.0010317582573510099,0.007927916095681435
2021-06-27,1.0,0.005086782358517821,0.005521233991237674,0.0009898438856743544,0.007567185005182804
2021-06-28,1.0,0.005227666781120136,0.005434594642210293,0.0009486401203755122,0.007577252441361154
2021-06-29,1.0,0.005377899424490372,0.005506078055645074,0.0009680264497432119,0.00752778066891555
2021-06-30,1.0,0.005294010322139026,0.0052516864560948106,0.000918835804530643,0.007209048800529313
2021-07-01,1.0,0.005237882415994366,0.005308359316258098,0.0009845798379945461,0.0072037546453636025
2021-07-02,1.0,0.005302566030277558,0.005273189257428983,0.0009915760219119806,0.007218583955358733
2021-07-03,1.0,0.005299770224607579,0.00516645249581414,0.0010137401929089793,0.006970098204888703
2021-07-04,1.0,0.00530045141347536,0.005318276973991972,0.0009868338697807944,0.006879472016042081
2021-07-05,1.0,0.006167638327045545,0.00548229808553468,0.0009881999211429184,0.006932749464629738
2021-07-06,1.0,0.005657337159479738,0.005757053556616373,0.0009716020390765879,0.006948071358963778
2021-07-07,1.0,0.005587486772985468,0.0056564322853311635,0.000997054675035486,0.007281525277115251
2021-07-08,1.0,0.005627044395737203,0.005718120983804523,0.0009918590644997815,0.007239434238532194
2021-07-09,1.0,0.0061406466472309455,0.005848196098568121,0.0009735341100439434,0.007303920713796193
2021-07-10,1.0,0.006830831524329324,0.005694539207151362,0.001000498873740175,0.007236374049525951
2021-07-11,1.0,0.006574581863303781,0.005806068534995782,0.001013351667511582,0.007232226497753956
2021-07-12,1.0,0.0063935532912808846,0.005985928852874471,0.0010295612093827772,0.007307164594625263
2021-07-13,1.0,0.006234254518813065,0.006139319587077043,0.0010038670195827105,0.0073134570860618284
2021-07-14,1.0,0.005885088134261474,0.005909713320308624,0.0009988645217617988,0.006917182401135734
2021-07-15,1.0,0.0059738852391144895,0.00593310025832086,0.0010038340382206804,0.006821052763251264
2021-07-16,1.0,0.005939398276956988,0.005762208193974669,0.0009803566593315723,0.006407320719318714
2021-07-17,1.0,0.005802151700481363,0.005766248173295955,0.001019644117027445,0.006471479498493338
2021-07-18,1.0,0.005800007729852562,0.005651663588395981,0.0010077923857358638,0.006685046264787665
2021-07-19,1.0,0.005487282933902569,0.005599019330483941,0.0009507440117626987,0.00629954950939543
2021-07-20,1.0,0.005288232992345896,0.005393907764497712,0.0009399869574205586,0.006132774907520306
2021-07-21,1.0,0.0052413215248810685,0.0052260746168033305,0.0009153652797216466,0.006181114617338421
2021-07-22,1.0,0.005621273423585369,0.00535281430082552,0.0009562043906149293,0.006498637038273248
2021-07-23,1.0,0.00538663370956843,0.005216479054029004,0.0009122113602170484,0.00630750870882293
2021-07-24,1.0,0.0052285531189136675,0.005101083368134336,0.0009784335602215687,0.006295174093079595
2021-07-25,1.0,0.005225963454258331,0.005133657335383886,0.0009855110098736157,0.006271078342736772
2021-07-26,1.0,0.005107380593538958,0.005144561311661615,0.0009635329204199129,0.006248697565862727
2021-07-27,1.0,0.005088206107902898,0.005183047236314912,0.0009717789232153394,0.006247417640114281
2021-07-28,1.0,0.005037496552061145,0.005354672309593556,0.0009665402202437231,0.006320348984866739
2021-07-29,1.0,0.004949191498231353,0.005216505090236116,0.0009467974317037746,0.006401477897510312
2021-07-30,1.0,0.004929286009217856,0.005272326968097347,0.0009437525339612813,0.0064163047549185715
2021-07-31,1.0,0.004974141505878528,0.005349437817780464,0.0009476159510153749,0.006630406511753574
2021-08-01,1.0,0.004819402872262901,0.005029202438914394,0.0009358883839954954,0.007207275614782394
2021-08-02,1.0,0.004782907002670487,0.004982100313791747,0.0009020405529749756,0.006897532260516808
2021-08-03,1.0,0.004829659882484499,0.005006224982628905,0.0009331806892870768,0.006944853768249606
2021-08-04,1.0,0.004701327949795504,0.005029419997345286,0.0009016067673898012,0.007028299124502911
2021-08-05,1.0,0.004605314053774794,0.0048917544483086306,0.0008894931378605147,0.006760576359074402
2021-08-06,1.0,0.004699168125051836,0.005105784958834095,0.0008728762036964137,0.0070606574213850914
2021-08-07,1.0,0.0044316144090357276,0.005011168553932514,0.000880185496073338,0.006633984560471915
2021-08-08,1.0,0.004357841380698861,0.004919439789201096,0.0008493570536706473,0.006521815631612701
2021-08-09,1.0,0.004316088932507115,0.005114509802107017,0.0008507187724842339,0.006506168788209102
2021-08-10,1.0,0.004491254164446049,0.005232621731917552,0.0009100604395418084,0.006562308465551745
2021-08-11,1.0,0.004606605545607744,0.0052825588860147795,0.0009414857739761566,0.006753862951779692
2021-08-12,1.0,0.0046190307829957235,0.005442748867904097,0.0010976725967307888,0.006815951503191086
2021-08-13,1.0,0.004577394803167085,0.005428029179426739,0.0010273488201353368,0.0068401211040998834
2021-08-14,1.0,0.004766062055391649,0.0055435794575327555,0.0009945087897783116,0.006997883886764254
2021-08-15,1.0,0.004810026919033542,0.005671524184064559,0.000975506623076486,0.00699807022324032
2021-08-16,1.0,0.005020216737131966,0.006065420973469997,0.0011007724269219785,0.0077652799149075715
2021-08-17,1.0,0.00531197446422427,0.007785376530759945,0.001237537870528986,0.0078134508295956
2021-08-18,1.0,0.005953897909402812,0.00994688824243666,0.0014722333324858616,0.007918983787362515
2021-08-19,1.0,0.005868898498885094,0.00963439932868801,0.0014081008728692816,0.008343174614928402
2021-08-20,1.0,0.005763185984185712,0.01191621215402989,0.0013434390688403834,0.008569798658733934
2021-08-21,1.0,0.006867465063658026,0.013559498432942076,0.0019178897248112816,0.008641767387354523
2021-08-22,1.0,0.006743301211712061,0.013475447348057355,0.001684845678102186,0.008546598439993058
2021-08-23,1.0,0.006568334201820129,0.013982985806712296,0.0016535402073081672,0.008393648647255685
2021-08-24,1.0,0.00616165971815737,0.017503690247635116,0.001591005195396982,0.007904844209701275
2021-08-25,1.0,0.006211374439901051,0.014321487423294641,0.0017298588576944625,0.008050245501865784
2021-08-26,1.0,0.005794566868420081,0.013359369181651067,0.001574695720072709,0.007733006613193917
2021-08-27,1.0,0.0062399186812240335,0.015314953815414348,0.001624873575619663,0.008104951689591543
2021-08-28,1.0,0.006567055413200428,0.015469987577955641,0.0017612416236719556,0.007998961086220854
2021-08-29,1.0,0.006574223999682306,0.014702353566206925,0.001720489784059817,0.007973162176377417
2021-08-30,1.0,0.006860036379973442,0.012825620545230782,0.0016499135165459191,0.008062447996506577
2021-08-31,1.0,0.006674409420624954,0.011513335260184344,0.0015401199704374734,0.009139235744840641
2021-09-01,1.0,0.006639790482122221,0.011097690420697375,0.001435909789704876,0.00866812402856258
2021-09-02,1.0,0.0063765647470007125,0.012570067034020065,0.0014502554245171423,0.008396619684215177
2021-09-03,1.0,0.006122308397603631,0.011657989605710963,0.0015666477022921014,0.008526553485721636
2021-09-04,1.0,0.006280725838797777,0.01213776141098026,0.0015636072262274054,0.00833655198883497
2021-09-05,1.0,0.006512711758145493,0.012189232256244537,0.0015540253318600046,0.008714218462561723
2021-09-06,1.0,0.006389183710902915,0.011991056463771027,0.0015528661208849587,0.008745207647269597
2021-09-07,1.0,0.006139089788970407,0.01104297732739168,0.0025230617018091005,0.008141162375554137
2021-09-08,1.0,0.005912655860813676,0.01057256838801614,0.0029696099884383843,0.007933979856473447
2021-09-09,1.0,0.00783227802364698,0.011905307543098211,0.0028428574974753416,0.008708915740092808
2021-09-10,1.0,0.009162976996230017,0.015363644234189266,0.0030934647850475562,0.009095435257792954
2021-09-11,1.0,0.008363442336977396,0.01746034843697784,0.0027712091699169344,0.009662540704710553
2021-09-12,1.0,0.01024780265494265,0.017391990287962282,0.0026276298309377043,0.010512905235880126
2021-09-13,1.0,0.01090074355125448,0.016182671908527995,0.0024971550789861284,0.01060682557646827
2021-09-14,1.0,0.0099565778618007,0.014996554219928186,0.0025068866192891914,0.010877630179705361
2021-09-15,1.0,0.009436123596802435,0.01601084805980396,0.0025572040560999845,0.010089779640374906
2021-09-16,1.0,0.010394230965002155,0.018937661406740764,0.0024455396454252337,0.00995067059698507
2021-09-17,1.0,0.00984230943803207,0.020620606579915737,0.002447788867905248,0.009716023934335316
2021-09-18,1.0,0.011862721431870702,0.02009016077563994,0.0026409456616420797,0.010150901600950016
2021-09-19,1.0,0.013303129065917126,0.021050512040660687,0.003021968515226832,0.010168384874650594
2021-09-20,1.0,0.011413093842063014,0.019260233235537518,0.002582493390036666,0.00950738431409168
2021-09-21,1.0,0.011006619900169828,0.021330304294034246,0.0024217899448151755,0.00953914854687665
2021-09-22,1.0,0.012907012056358696,0.024055453304018693,0.002525787697785922,0.010266976031746582
2021-09-23,1.0,0.013161902096620125,0.024239994302472777,0.002908390734666292,0.010596810472718415
2021-09-24,1.0,0.014536638502308755,0.024694377352431143,0.0027211837124371495,0.010514440117564647
2021-09-25,1.0,0.013501539226540142,0.023362248650255442,0.0026068400399008973,0.010203010751762748
2021-09-26,1.0,0.013008142150746164,0.021823159748814096,0.002382922924801711,0.009423417851684395
2021-09-27,1.0,0.0127166620288584,0.022673159186954735,0.002355357192784913,0.00947321897364457
2021-09-28,1.0,0.012005888647337913,0.02192457369202309,0.0022875961261456163,0.009378204565879778
2021-09-29,1.0,0.011880415728213418,0.02296150665830659,0.002330851870181032,0.00956652042294392
2021-09-30,1.0,0.01207148301447775,0.022208325694467304,0.0023089058700816755,0.00953585493382866
2021-10-01,1.0,0.011436574949853305,0.02044839630478264,0.002365527870776948,0.009652458294345795
2021-10-02,1.0,0.011400605234712115,0.020396828605107564,0.002303616364876955,0.009452661284915776
2021-10-03,1.0,0.01133920050426863,0.020096061861361134,0.0023502292082318924,0.009393604579043025
2021-10-04,1.0,0.010865189550793427,0.019280288207606595,0.00225263966592555,0.009201754959165821
2021-10-05,1.0,0.010455755466941781,0.018377494112619734,0.0022728444818794938,0.00893193333039617
2021-10-06,1.0,0.009833484874245006,0.01678551396013585,0.0021801406665935205,0.009007633657949874
2021-10-07,1.0,0.010224768989492667,0.017153322014947892,0.002308432196127842,0.009473931887488149
2021-10-08,1.0,0.009832360265307736,0.016977437024820692,0.0022748028297501673,0.009359992945602216
2021-10-09,1.0,0.009835445843443756,0.016958321990944967,0.0022488187741238454,0.010162444415716308
2021-10-10,1.0,0.009492649178402725,0.01655399918552355,0.002164176904031073,0.010083255656440032
2021-10-11,1.0,0.009037688663685914,0.015610951131090673,0.0020944300534116844,0.00963361658453746
2021-10-12,1.0,0.009589285114740482,0.01556457297621069,0.002081500122024883,0.010071857097462238
2021-10-13,1.0,0.009577527149777103,0.015248343572335156,0.0020081797819097593,0.011556191551455082
2021-10-14,1.0,0.008922444117761082,0.014823828161576836,0.0021223559565207977,0.01073757337723388
2021-10-15,1.0,0.008545862768393232,0.014564554116015057,0.0020330443431935945,0.011185691501408893
2021-10-16,1.0,0.008649343755885802,0.015042391217157315,0.0020532540116368343,0.010901737497487435
2021-10-17,1.0,0.008431350815378571,0.014581333244008246,0.002025055593803565,0.010947565943526959
2021-10-18,1.0,0.008511377055612787,0.014821711177327826,0.0020943338535220927,0.01099292335863284
2021-10-19,1.0,0.009026216695630451,0.014652804470219907,0.002111990403059635,0.01066399533189344
2021-10-20,1.0,0.008630401868700236,0.014326761519474525,0.002097389701616249,0.010671915745800701
2021-10-21,1.0,0.008465508555516518,0.015161872684792264,0.002337090241923894,0.010568516565646429
2021-10-22,1.0,0.008577943553460329,0.016500607408400005,0.0022928856953967542,0.010954547237620616
2021-10-23,1.0,0.008563596894351202,0.015691610611161033,0.002234053024129741,0.010546175644302462
2021-10-24,1.0,0.008391273282325848,0.01580621533020545,0.002352193376371156,0.010359169734241854
2021-10-25,1.0,0.00836353842472314,0.01652261123777067,0.002917282339636636,0.010554056085067884
2021-10-26,1.0,0.010418520803818125,0.01662634667956694,0.0029793760673987044,0.010873566820787675
2021-10-27,1.0,0.009371880992689043,0.015707813687922314,0.002766209633637884,0.010311774237704099
2021-10-28,1.0,0.008868183386360005,0.015010167513665443,0.0026489292855238654,0.009756113557664564
2021-10-29,1.0,0.00895304006258196,0.014673388690571635,0.0026210736851662313,0.01000084062768021
2021-10-30,1.0,0.008626223214545294,0.014426900040151458,0.002426197580688606,0.00988613535986829
2021-10-31,1.0,0.008682988528856217,0.0150425559618635,0.0023695447331641257,0.009975263362962644
2021-11-01,1.0,0.008631416297203348,0.015033706063800936,0.0023482378647003183,0.01156883457920484
2021-11-02,1.0,0.008078787410844229,0.01476319125093795,0.0022802218802759596,0.011255221541794216
2021-11-03,1.0,0.008364761059191648,0.01643512810338839,0.0023809132982752336,0.011588781054184266
2021-11-04,1.0,0.008272955977733745,0.01742828325949755,0.0023394567463697574,0.011875296508936938
2021-11-05,1.0,0.008215840392296345,0.016579484591489724,0.002318504724800318,0.011570368835305276
2021-11-06,1.0,0.008016464281536212,0.017414549962918212,0.0022563918756679916,0.011514291632359284
2021-11-07,1.0,0.007744258344976899,0.018991193498075376,0.0022391203144183254,0.011318621529127389
2021-11-08,1.0,0.007616813705246318,0.018967637319171445,0.00222835436018104,0.011097488678781043
2021-11-09,1.0,0.007568895765084904,0.01867873902029,0.0024033584936625127,0.010727765592314725
2021-11-10,1.0,0.006930508899764403,0.018423043722332284,0.0023276904152992792,0.010097491467868322
2021-11-11,1.0,0.006977223977373767,0.018638398027251018,0.0025513966307982587,0.010052772502233026
2021-11-12,1.0,0.0068668453329315095,0.018173848850339458,0.00244422524117556,0.00983604036928815
2021-11-13,1.0,0.006997131033484888,0.021004879227958437,0.0024012366446655997,0.010134454869480005
2021-11-14,1.0,0.006899467289980117,0.020625923302084907,0.0025630751575238643,0.010025826502238473
2021-11-15,1.0,0.006891615032179563,0.020573153925431378,0.002427646122141015,0.009809112810732696
2021-11-16,1.0,0.0067189816095622745,0.02324529583239819,0.0022988852972835486,0.009704393277011295
2021-11-17,1.0,0.00685915277251415,0.025102510571857042,0.0021955745431544178,0.009969902694072509
2021-11-18,1.0,0.0066646737720697105,0.025181778849158072,0.0022018834407861753,0.009764735622368518
2021-11-19,1.0,0.006546076067601131,0.026071372721455127,0.002194461737723379,0.009598233890765537
2021-11-20,1.0,0.006670276173452303,0.028520873256545048,0.0022221185765712347,0.009540347218568699
2021-11-21,1.0,0.00725167599190266,0.030171480168713637,0.0022701310988013724,0.009846986804862118
2021-11-22,1.0,0.0078711155236843,0.03300875230061139,0.0022701244683000204,0.009663033057408196
2021-11-23,1.0,0.007384490319791524,0.028538219849649,0.00229853163689121,0.009394765097575777
2021-11-24,1.0,0.00693791742016627,0.026983679443182314,0.002174654528256636,0.008966945178884352
2021-11-25,1.0,0.006576418048637415,0.026351208177403985,0.0020503615220629516,0.008724576401389964
2021-11-26,1.0,0.006697912462855639,0.02580377488309968,0.0020456845664566614,0.008550513962806925
2021-11-27,1.0,0.006524608913039346,0.02772672938982295,0.002029290431026715,0.008583517564237685
2021-11-28,1.0,0.006378615180230374,0.025724022117579345,0.001954971600476347,0.008325496841906395
2021-11-29,1.0,0.006321421377634421,0.027104542902502197,0.001896106120676087,0.008348376633355852
2021-11-30,1.0,0.005947471707958417,0.026039483119788917,0.0018885806750191525,0.008198260982702685
2021-12-01,1.0,0.005815718294752569,0.026102568057266295,0.001855574099649496,0.008021404518471982
2021-12-02,1.0,0.0062870922575489555,0.02388672142443618,0.0018248763853310477,0.00792502718297579
2021-12-03,1.0,0.0077890835014073935,0.02571335881526853,0.002164303780304326,0.007994854671538534
2021-12-04,1.0,0.006844948234636985,0.022588682089611616,0.0019354489305864146,0.007136649518755547
2021-12-05,1.0,0.005863057624586637,0.0205791959701497,0.001749954661054273,0.006746953930778701
2021-12-06,1.0,0.005598951074140014,0.021383521647935097,0.0016698944214105485,0.00647105743481456
2021-12-07,1.0,0.005641446222288997,0.02080027152381742,0.0017625335926133344,0.007081915114885964
2021-12-08,1.0,0.005705267427154782,0.02099841780100896,0.002102940709862524,0.006724903454165587
2021-12-09,1.0,0.005468879725580235,0.020814260529070493,0.0023737158487086214,0.006554302660684107
2021-12-10,1.0,0.005782367273972329,0.020683297187551915,0.0025627410492062323,0.0067798631476686765
2021-12-11,1.0,0.005964995518718589,0.02115939870569097,0.0028414103787815863,0.006799464588060929
2021-12-12,1.0,0.005930728040873493,0.02130476227037284,0.002558299861800359,0.007150470137509157
2021-12-13,1.0,0.0057493067778527605,0.020904754096310825,0.0024071179694018304,0.006863764414378328
2021-12-14,1.0,0.005648097680198618,0.022591847454655263,0.002417195177842655,0.006777299637226711
2021-12-15,1.0,0.005553220202607854,0.025189061021965505,0.0024507436285031003,0.006752633296415838
2021-12-16,1.0,0.005512601546781386,0.024818921464720735,0.0023349152250516244,0.006573156943252577
2021-12-17,1.0,0.005471038900187012,0.02858911897447309,0.002169562030195043,0.006358675880277401
2021-12-18,1.0,0.005847743556604384,0.02927047317233434,0.0021292607617655014,0.006436600966759883
2021-12-19,1.0,0.005648202134937865,0.027423374542308677,0.0022987022046554156,0.006314629378840767
2021-12-20,1.0,0.005456535074361978,0.028777052825178135,0.0021616778656203275,0.006101829977990307
2021-12-21,1.0,0.005885107478076938,0.03069282003234685,0.0023054241008717506,0.0062658319368321695
2021-12-22,1.0,0.006880883055990331,0.029316791946689038,0.0027201384050116774,0.00684122293127617
2021-12-23,1.0,0.0068972622984665045,0.029529104564456298,0.0033388198869278318,0.007091673620979868
2021-12-24,1.0,0.006644554523920018,0.028399209957614833,0.0036975480159961325,0.006954156354745509
2021-12-25,1.0,0.0072501198711795575,0.028069393269850192,0.0037185517767222127,0.007044037785039365
2021-12-26,1.0,0.007905764649521327,0.02830942358522886,0.004000559003552733,0.007707630832215978
2021-12-27,1.0,0.007358265799697998,0.028200666348112177,0.0036550965457181044,0.007669795888069117
2021-12-28,1.0,0.0070064441929592065,0.028220695269100492,0.003514817404233667,0.007338277315214281
2021-12-29,1.0,0.007698715389096089,0.028402271676202004,0.004106190870834553,0.007386879213515151
2021-12-30,1.0,0.008132546248393012,0.027428172637241264,0.004158423839857503,0.007423688618583479
2021-12-31,1.0,0.008814656236256256,0.029762529046420846,0.003977426768045128,0.007253633376630077
2022-01-01,1.0,0.009648458801513915,0.03031840476836534,0.00402994079852374,0.00759433434166107
2022-01-02,1.0,0.009278697060558961,0.029535585079464296,0.003757509007778319,0.007753438712801666
2022-01-03,1.0,0.010423347135334275,0.028706543453809213,0.004378794907462297,0.007995240178672633
2022-01-04,1.0,0.011116838231873646,0.027297498063862346,0.004234391930103546,0.007579513252510878
2022-01-05,1.0,0.010922108076526476,0.027517797934895873,0.004324707622140563,0.007545799247994082
2022-01-06,1.0,0.011761688083871824,0.027923982786023094,0.004676842391703493,0.007841181943184459
2022-01-07,1.0,0.01205836332935516,0.027128832805132428,0.0047074328809262895,0.007782229390719489
2022-01-08,1.0,0.01164364775790971,0.0272330181063648,0.004486165519285223,0.0077868765047947085
2022-01-09,1.0,0.011100045426046142,0.028345071204393682,0.004289233574133338,0.007814836212420856
2022-01-10,1.0,0.012279280512218094,0.027380917198210997,0.005018215801641132,0.0076932551485390495
2022-01-11,1.0,0.011942342782521712,0.02765303377108353,0.005570512656082075,0.007888747690214474
2022-01-12,1.0,0.01192900398362143,0.02846507067883447,0.005211826037691125,0.008102557903432514
2022-01-13,1.0,0.01160373745482176,0.027668804082023258,0.00605391788082471,0.00795855501668672
2022-01-14,1.0,0.012219179266025837,0.0273204323200857,0.006101862504202916,0.008386441896569159
2022-01-15,1.0,0.011760491345088317,0.0279599793319161,0.005795427209326873,0.008297992283873692
2022-01-16,1.0,0.013043101700277133,0.02756414156079985,0.006017456228063221,0.008272968932633639
2022-01-17,1.0,0.012192751593227365,0.026998999659171238,0.005512767365147448,0.008002067113172391
2022-01-18,1.0,0.012105713976748022,0.027214349037285944,0.0056020243972799266,0.007956705038515617
2022-01-19,1.0,0.012006822114050558,0.026787943219819366,0.005256621357561445,0.00780054549598514
2022-01-20,1.0,0.012988533646966002,0.02642693235386828,0.005084689441452867,0.007664316162247704
2022-01-21,1.0,0.013475777776645893,0.025723877099661077,0.005150611900848927,0.007658680550542175
2022-01-22,1.0,0.012130318272625427,0.024792537722614433,0.004728370197825358,0.007573400900990966
2022-01-23,1.0,0.013627810499454133,0.025522420363481353,0.004604661054745833,0.0074074777769571375
2022-01-24,1.0,0.014758857574836663,0.025832714294960223,0.00439214626080877,0.007384991783833147
2022-01-25,1.0,0.014588551043294021,0.027660819636475882,0.004933402534719059,0.007446362598921388
2022-01-26,1.0,0.013133120770447253,0.02673535698156415,0.004586722769332744,0.007337888062395139
2022-01-27,1.0,0.012392084210735498,0.02668561476754608,0.0043474018132132275,0.007472936958272068
2022-01-28,1.0,0.011578485198305219,0.026326538554289465,0.004229571000949829,0.007203526714042603
2022-01-29,1.0,0.01117675433698954,0.027640295033528453,0.004245085122973275,0.00720291374750753
2022-01-30,1.0,0.010447808388502948,0.026121342303177825,0.003981601398276734,0.006976843036791988
2022-01-31,1.0,0.010440933241246916,0.026002681317771656,0.004137570609548329,0.007210391510319699
2022-02-01,1.0,0.010345913395952928,0.02629788149101158,0.004021055220712387,0.007018604781434479
2022-02-02,1.0,0.009819779212694115,0.025299315465519383,0.0040514698089564125,0.00699851680265639
2022-02-03,1.0,0.011010453554827191,0.02538973453518085,0.004065721828270156,0.007017508236062334
2022-02-04,1.0,0.010384680064380754,0.02597720261217321,0.004334870959626154,0.006839691133697662
2022-02-05,1.0,0.010200254478959513,0.025568479935892823,0.0042547383924860524,0.007080250919891972
2022-02-06,1.0,0.010237236605489024,0.02583974422306005,0.0044155775226243895,0.007169400687115274
2022-02-07,1.0,0.010071370078290554,0.026494221587919864,0.0043009169425834975,0.0071199425538419495
2022-02-08,1.0,0.009751001164831937,0.027703736999551386,0.004099635044780228,0.006950035816366001
2022-02-09,1.0,0.009534567877619258,0.027760205227279563,0.004006527390276762,0.006764303841530799
2022-02-10,1.0,0.009465192445105793,0.02966567191105304,0.0038379551838155536,0.0066742130336261175
2022-02-11,1.0,0.009074586693782387,0.027928310139190473,0.0037080326558073945,0.006483018221834401
2022-02-12,1.0,0.00926882896722086,0.0278553999725956,0.0036981781801637232,0.006448080993541954
2022-02-13,1.0,0.009118924925617047,0.027138277220771563,0.003616006027658046,0.006524818978460485
2022-02-14,1.0,0.009265162928871523,0.027935780528175625,0.0036030656151257888,0.006382245484653397
2022-02-15,1.0,0.009101206960279263,0.029204609159986312,0.003615654657068959,0.006333712017802421
2022-02-16,1.0,0.009126452263858898,0.03052729993127588,0.003592434104606256,0.006329371244124007
2022-02-17,1.0,0.009704225985730067,0.030511338128658007,0.0036129526679075296,0.006279360145769616
2022-02-18,1.0,0.009661108499911935,0.030109636786376185,0.0036960612129934823,0.006411257316142969
2022-02-19,1.0,0.009653564947372413,0.03076526053096751,0.0036342480615677206,0.006456464837882564
2022-02-20,1.0,0.009946916036273647,0.02950434175046617,0.0035443901433239995,0.006449433317829635
2022-02-21,1.0,0.009275191159106447,0.027270822511141456,0.003327744753301711,0.006301062269706162
2022-02-22,1.0,0.009411977491547392,0.028224256738760358,0.003400254559469489,0.006296848421674896
2022-02-23,1.0,0.009753589688805893,0.028479071801806904,0.003316447678414113,0.006190148742421235
2022-02-24,1.0,0.009570915328941323,0.029421323024944598,0.003268500220463515,0.006225622185880559
2022-02-25,1.0,0.009852872481777686,0.0292547995919306,0.0032278553827619363,0.006233189546794604
2022-02-26,1.0,0.01074939175821279,0.02942651674988569,0.0032806129151396026,0.006486395205614265
2022-02-27,1.0,0.01022998797869252,0.028683433675910842,0.0032509261059493607,0.0066870289058238875
2022-02-28,1.0,0.010736317553749602,0.028942224231434183,0.0033400441907778253,0.0064833802207791575
2022-03-01,1.0,0.010462545846274018,0.02919947782207702,0.003967760969725501,0.006347677114704098
2022-03-02,1.0,0.01093728825269017,0.028282806352081073,0.0037607682522260086,0.006313009342601001
2022-03-03,1.0,0.01201050057337135,0.02770040385685655,0.0038938972933772065,0.0063592861213425675
2022-03-04,1.0,0.011624594316354998,0.028901289492693737,0.003976303536141741,0.006399037081227708
2022-03-05,1.0,0.011580498946206854,0.02877319078881204,0.0039410328210873705,0.006499638294561941
2022-03-06,1.0,0.011034617651168819,0.028418430517484144,0.0039571888826515945,0.006659113344261441
2022-03-07,1.0,0.011355610409999472,0.028777686905516853,0.0038766920755163724,0.006584872373399695
2022-03-08,1.0,0.010815813139025379,0.028330560462608224,0.003776947895131773,0.006585890436958952
2022-03-09,1.0,0.011017961614673255,0.02845969637432203,0.004252592386391591,0.006548484732615705
2022-03-10,1.0,0.010751444401416484,0.0283601769544272,0.004236136567087984,0.006506874045555822
2022-03-11,1.0,0.010742864612900305,0.027856340907453293,0.00400976324715222,0.006920223764907482
2022-03-12,1.0,0.010595824303074325,0.027616495583282663,0.004020652568111781,0.007060966665040628
2022-03-13,1.0,0.010430385716802413,0.027010225430405394,0.003916249857742694,0.006845033117560245
2022-03-14,1.0,0.010360531805653734,0.026632465007353535,0.003912075879724635,0.006833664212013825
2022-03-15,1.0,0.0102767672793231,0.02666872856318428,0.0038632455157433395,0.006802222695146984
2022-03-16,1.0,0.010439934999314858,0.026709301517629753,0.0038988286788204938,0.006867096475872006
2022-03-17,1.0,0.010013393067147752,0.028237271775186767,0.003812741187726052,0.0066662701874420985
2022-03-18,1.0,0.009736082820743766,0.02916255289043078,0.003864409534644771,0.006448221396295316
2022-03-19,1.0,0.009708155821285128,0.030343794899533517,0.0038273805777189816,0.006574488865835986
2022-03-20,1.0,0.009727252474913217,0.02964992841770736,0.0037234886973731836,0.006517387362057244
2022-03-21,1.0,0.0096625634641595,0.02984018927438231,0.003758216379813586,0.006484832078770334
2022-03-22,1.0,0.009436878164437572,0.02827548367130507,0.0037275777470536916,0.006806559210809838
2022-03-23,1.0,0.00930151876588332,0.02832174136613231,0.0041143857727978265,0.006921709882115844
2022-03-24,1.0,0.009408032926723866,0.02814908041984414,0.004145562491219376,0.00683276978015337
2022-03-25,1.0,0.009064491599001918,0.026929116751223604,0.0039389171883100526,0.0066178142016177135
2022-03-26,1.0,0.009152267982194562,0.027308173674457693,0.004042966210295619,0.00664946658593435
2022-03-27,1.0,0.009089427080593623,0.027271122682426697,0.0040048827359143455,0.006815471818202354
2022-03-28,1.0,0.008810777216853593,0.026873868548949506,0.00379300656522091,0.0065954707057207075
2022-03-29,1.0,0.008887778889890816,0.027273581039512187,0.004146615445428863,0.006595832377868711
2022-03-30,1.0,0.008871621318333594,0.02822644139370967,0.004144669609432418,0.00663095241219637
2022-03-31,1.0,0.008777837929519328,0.029584704026172696,0.004057218707064829,0.006517794118550976
2022-04-01,1.0,0.008510940013048791,0.02802716964579874,0.0042666587621393096,0.006386415551801592
2022-04-02,1.0,0.0091066440932375,0.027865273652744802,0.004301275731684036,0.006565036211089579
2022-04-03,1.0,0.009075231710767325,0.027839227041549043,0.00477357497661588,0.00658931356185384
2022-04-04,1.0,0.008764351677031367,0.02732117710419386,0.004861730995903109,0.00650462749206757
2022-04-05,1.0,0.0085987792380191,0.026727315640596543,0.004736884487215847,0.0063926541188244175
2022-04-06,1.0,0.00848938929695475,0.02617940987502171,0.004819876918894291,0.006263773654710246
2022-04-07,1.0,0.008571326522298025,0.02712945953043274,0.005405126113195401,0.006321097549331762
2022-04-08,1.0,0.008421853521751588,0.026209160111377548,0.005490961263440133,0.0060858027712539465
2022-04-09,1.0,0.00836827183580124,0.025947575943802245,0.005385870323742993,0.006062104013260431
2022-04-10,1.0,0.008274764161189104,0.025292510483600934,0.0049340346879257185,0.006001846201490135
2022-04-11,1.0,0.008003915972137076,0.02495304352195497,0.005386684357994625,0.005772680275583706
2022-04-12,1.0,0.00813682666290713,0.025206894340797606,0.005458557987654216,0.005868895544721021
2022-04-13,1.0,0.007918475011811128,0.025716815269340394,0.0053982376988476535,0.005835346366693603
2022-04-14,1.0,0.007930543419040906,0.025421069370186403,0.005420728024856377,0.005927592298478349
2022-04-15,1.0,0.007928856428082078,0.025473413234851524,0.005271486280668263,0.006031510014849345
2022-04-16,1.0,0.007902986024659555,0.025415968014224147,0.005209159320357393,0.006081243649045607
2022-04-17,1.0,0.007769029541103111,0.025243541554429032,0.005248676801977677,0.005936096903967617
2022-04-18,1.0,0.00787796619074726,0.02543705871155811,0.00529088119635538,0.00594116074250172
2022-04-19,1.0,0.007950973337855202,0.025883547249834583,0.005615196116381758,0.006087147298464633
2022-04-20,1.0,0.0078885204329327,0.025426842044848467,0.005414217514981466,0.006205943606980952
2022-04-21,1.0,0.007812087199858662,0.02514342137531347,0.005241271005144489,0.006091209939410217
2022-04-22,1.0,0.007796149680632066,0.02498635920737395,0.005255842569051951,0.006169717157172815
2022-04-23,1.0,0.007914716834477668,0.024829858976714265,0.005224917792892306,0.006372814863467604
2022-04-24,1.0,0.007630742615139825,0.024480180887001376,0.005137534480852719,0.006216946794260811
2022-04-25,1.0,0.007358725057866101,0.024241152532944146,0.0047468177008415085,0.006020733115643644
2022-04-26,1.0,0.007229456967661323,0.024458032116489403,0.004517514992195968,0.005938073512012301
2022-04-27,1.0,0.007419723045132602,0.024183909071822263,0.004457079027605877,0.005864117244772498
2022-04-28,1.0,0.007107041961392712,0.02293444095268176,0.004247465065362526,0.005801686928504195
2022-04-29,1.0,0.006900004554263835,0.022498360503519728,0.004005622688113079,0.005740575987484579
2022-04-30,1.0,0.006545213223953684,0.020895818480817032,0.0037903490915858385,0.005315897375943642
2022-05-01,1.0,0.00637072824170501,0.020802138672634574,0.004190012451545309,0.005435171572150038
2022-05-02,1.0,0.0062329830299256315,0.021130035585218632,0.004147659065903828,0.005238055411790873
2022-05-03,1.0,0.006316365242887394,0.021436731311791087,0.004313166416399208,0.005294084225582325
2022-05-04,1.0,0.006771695436452909,0.02287530903038535,0.00441350297423144,0.005553918830022302
2022-05-05,1.0,0.00649371418144224,0.021484080800423713,0.004082287337989587,0.005307117843158697
2022-05-06,1.0,0.006558686527712714,0.021168734180641368,0.004001874178622269,0.005319327383674694
2022-05-07,1.0,0.006237275497961783,0.020896613464684983,0.003961853735438136,0.005216913082033277
2022-05-08,1.0,0.006233953433724746,0.020482254419902188,0.004423087501206739,0.0052599207166519535
2022-05-09,1.0,0.0056054351258964475,0.018488817487376293,0.004218452638832059,0.00476585670732667
2022-05-10,1.0,0.005796359720752532,0.019025404934543022,0.004084639965042654,0.004849095971894635
2022-05-11,1.0,0.005177174093392006,0.014958423794489199,0.003120838106998814,0.004359807663511385
2022-05-12,1.0,0.00492838576228012,0.015447554475795457,0.0032757325470684083,0.004442906435715943
2022-05-13,1.0,0.005136570194359977,0.016032931837045426,0.0032512307001395443,0.005202829853286704
2022-05-14,1.0,0.0052436609811444025,0.016503204972723846,0.003249121289730947,0.005494746371453429
2022-05-15,1.0,0.005773427397422722,0.017045935256353346,0.0034257338736973465,0.005502931840051727
2022-05-16,1.0,0.005473636737217903,0.016087412872903335,0.0032319449344839755,0.005254460777730517
2022-05-17,1.0,0.005482366217794891,0.016449558195291165,0.0031948533549032514,0.005280203859494782
2022-05-18,1.0,0.005283533048571479,0.01545057315160592,0.003093132158339874,0.004954128403445307
2022-05-19,1.0,0.005363666256217927,0.015048800713618945,0.003021989326847266,0.004965608778603764
2022-05-20,1.0,0.005716573905493745,0.014700159537420711,0.002935545974399569,0.0049349212958263245
2022-05-21,1.0,0.005595654633420975,0.015132433267047028,0.0031083736544074386,0.005059179476832219
2022-05-22,1.0,0.005585543822942739,0.015526355965573432,0.003055197156757877,0.0049745695747628015
2022-05-23,1.0,0.0056452843432128075,0.01472568148038137,0.002962753230745328,0.005008546039195762
2022-05-24,1.0,0.005604588568145982,0.014686242739690653,0.003015649868554967,0.0051473785344824715
2022-05-25,1.0,0.005528676650729378,0.014022920407160085,0.002963157423380234,0.005084408510763513
2022-05-26,1.0,0.005361570100839541,0.013074945998566975,0.0029198729136405165,0.005098782408162628
2022-05-27,1.0,0.005367744952572067,0.013070321633481471,0.0027815784208296717,0.0052793870840565004
2022-05-28,1.0,0.0052544454647499485,0.013812373275612036,0.002788730264118882,0.0053843307378521705
2022-05-29,1.0,0.00528953862422642,0.01442313123417891,0.002858419689846361,0.0055052970333810255
2022-05-30,1.0,0.005254593233767075,0.013857983015316062,0.002880145771689852,0.005236992916395674
2022-05-31,1.0,0.005316275815114331,0.01360592966218125,0.003065562129364644,0.005328306408611804
2022-06-01,1.0,0.005138109319833762,0.01302642529435108,0.0029391783107440227,0.005204382792456043
2022-06-02,1.0,0.0052526229370969905,0.013433946079744723,0.0030589714808203247,0.0054078216805830736
2022-06-03,1.0,0.0051731976435106875,0.012957148674442413,0.002959034252282415,
2022-06-04,1.0,0.00512553774016045,0.013619076118441771,0.002953916265759548,
2022-06-05,1.0,0.005079824164665325,0.013384990307731362,0.002951787483766597,
2022-06-06,1.0,0.005089011710187243,0.013979506287258204,0.0029497921531426896,
2022-06-07,1.0,0.005069196722713855,0.0135597731721876,0.002865409935314672,0.005088096395079782
2022-06-08,1.0,0.004886882778770244,0.01367286019056339,0.0028269581127629805,0.005023390911750967
2022-06-09,1.0,0.00491179734895316,0.013648849472405895,0.002841608444744443,0.0051636400801743434
2022-06-10,1.0,0.00487487861620369,0.013272093950749539,0.0027031725498677375,0.005205733171348637
2022-06-11,1.0,0.004928101368356119,0.01299033619937574,0.002674690460285448,0.005241632179530221
2022-06-12,1.0,0.004928355107455826,0.012050208366829428,0.002575427210333802,0.005158916440120846
2022-06-13,1.0,0.005377687855282861,0.013321533464939488,0.002900831763056464,0.005818264829529132
2022-06-14,1.0,0.005263935679838202,0.013695190953627177,0.0027972661697545937,0.006090087722366039
2022-06-15,1.0,0.0059219646063913695,0.014793455239163273,0.0030811798270117463,0.006866716586032552
2022-06-16,1.0,0.005933602208505587,0.014784730683750049,0.0030194546343074247,0.006664480912877244
2022-06-17,1.0,0.005871522399917309,0.01471820060277689,0.0031022619406544777,0.006696465680899098
2022-06-18,1.0,0.006107313888972032,0.01489934008183576,0.0031097966217652102,0.007086411726192851
2022-06-19,1.0,0.006001725271280811,0.014325015896233102,0.0029144140493496404,0.006670562777197935
2022-06-20,1.0,0.006038701966258942,0.01515433056677293,0.0030219468021968295,0.006976889594156556
2022-06-21,1.0,0.006171923983787025,0.015017587651976496,0.0031272357506304206,0.006891606838928642
2022-06-22,1.0,0.0067164460397420465,0.01530731042362362,0.0031211527608841017,0.007037172126187935
2022-06-23,1.0,0.007108739108528596,0.015981296492997527,0.0031048125385244743,0.006792729098238358
2022-06-24,1.0,0.006741007501365393,0.016727216179361667,0.003172346825250729,0.006680475640184377
2022-06-25,1.0,0.00697638542691052,0.017188796327360645,0.0033572646830076014,0.006543791621289811
2022-06-26,1.0,0.006725543711791738,0.016468999715069398,0.0031667654161443245,0.006542248781718237
2022-06-27,1.0,0.006525865680589139,0.016196720168762436,0.0031349173169825536,0.006489134421283844
2022-06-28,1.0,0.00642217295935778,0.01582987076417327,0.0029869374213722924,0.00638963873086448
2022-06-29,1.0,0.006725600403091838,0.01617028859961726,0.0031162710794978487,0.006394008631795986
2022-06-30,1.0,0.0070651701038647406,0.015854298204117236,0.0031149301513335934,0.0065988869872493534
2022-07-01,1.0,0.007628257239746736,0.015210750250251662,0.0031638237243903564,0.0063719815885627884
2022-07-02,1.0,0.007560241536469742,0.015297736616409834,0.0031036598815499163,0.006396858421609361
2022-07-03,1.0,0.007532966952577736,0.015502845850332134,0.0030944494401152906,0.006379140970939439
2022-07-04,1.0,0.007602894717839915,0.015563914387409226,0.003058563383270843,0.006224747272493805
2022-07-05,1.0,0.007876963950308553,0.01594334531468584,0.0029979566160477584,0.006043708328779818
2022-07-06,1.0,0.007495598355210181,0.01615367051397612,0.0029497363490770577,0.005833507044927128
2022-07-07,1.0,0.007562956385872812,0.016314287479849286,0.0029932077485450123,0.005901181378405651
2022-07-08,1.0,0.007392270194303033,0.016240515002791844,0.002955200503088047,0.005797894266467967
2022-07-09,1.0,0.007383947825891337,0.016355928077308183,0.0031178464433931144,0.00595954042127006
2022-07-10,1.0,0.0075155505935089375,0.016399509172044077,0.0030176053222693744,0.005869672711542459
2022-07-11,1.0,0.007454516791973592,0.01581523785840614,0.0029404261183697392,0.005953824648514078
2022-07-12,1.0,0.007520873397256844,0.016122995791875684,0.003069865708079803,0.006047710838391011
2022-07-13,1.0,0.0073673034726225144,0.016881933555047288,0.002992714464518379,0.005798809231406962
2022-07-14,1.0,0.007531930529687511,0.0165569461206617,0.002925042442139328,0.005636125807407272
2022-07-15,1.0,0.007347159723888422,0.015714203001356133,0.002831954029442656,0.005514932046073974
2022-07-16,1.0,0.006812668428226527,0.0156673475399528,0.002687096136312554,0.005302873783699269
2022-07-17,1.0,0.006660647594238895,0.015405672893929112,0.0026309279343174233,0.005167310662577938
2022-07-18,1.0,0.006059207369883983,0.015153488208690453,0.002569583865680094,0.004843360418788737
2022-07-19,1.0,0.006827652311487486,0.016041217073541073,0.002938979148332397,0.005053937530977593
2022-07-20,1.0,0.006360061264504126,0.015501260645792148,0.0027568061651806392,0.004908989432894915
2022-07-21,1.0,0.007012745133383979,0.015872292832320025,0.0027774501032568873,0.0047785133912876645
2022-07-22,1.0,0.006929030788234332,0.015391942153580036,0.002814792583675693,0.004750899494596598
2022-07-23,1.0,0.006536770782349104,0.015245482771667275,0.002782677032781406,0.00473047370652259
2022-07-24,1.0,0.006245788494943312,0.014899504668525266,0.0027241481712858987,0.004631635839685766
2022-07-25,1.0,0.006231553427145612,0.014522612158155056,0.002628529367982724,0.004690679655337309
2022-07-26,1.0,0.006365939425519528,0.014289883163882444,0.002589324402817737,0.004678638531169092
2022-07-27,1.0,0.0063054658221011325,0.014302105283723252,0.0025401886904390767,0.004699733612188962
2022-07-28,1.0,0.00629924873556293,0.014037005865415435,0.002532593310410616,0.004556803404133087
2022-07-29,1.0,0.00648401167638728,0.01422637105420033,0.0025365084323375467,0.004753880425500282
2022-07-30,1.0,0.006308269942696094,0.014280426414486201,0.0025683532334206025,0.004837812103430892
2022-07-31,1.0,0.006169489033845285,0.014135101647941102,0.0025220954012059433,0.005141632745594632
2022-08-01,1.0,0.006376978604333308,0.014463196004106778,0.0026191521519270014,0.005013449756999411
2022-08-02,1.0,0.006079051554979686,0.014010382357378361,0.0026436708566263756,0.004861351711283575
2022-08-03,1.0,0.006280227504146839,0.01423930360106741,0.0027906325037991243,0.004943651330617301
2022-08-04,1.0,0.006443556821958623,0.014534696690530546,0.0027513300838116275,0.005036503549458763
2022-08-05,1.0,0.006337260069739443,0.014427973100223906,0.003004007265196233,0.005088851861742035
2022-08-06,1.0,0.006283715244547488,0.015743161528262776,0.0028981137657228227,0.005035309398805115
2022-08-07,1.0,0.006686144966905463,0.01641499969815398,0.0029343552707058415,0.005090489886553506
2022-08-08,1.0,0.006651323350624312,0.015719976422507366,0.0030931101574700783,0.005222531905585543
2022-08-09,1.0,0.006685070586027485,0.01610262745598992,0.0031506152970381123,0.005227779847422267
